raceId,year,round,circuitId,name,date,time,url
1,2018,1,albert_park,Australian Grand Prix,2018-03-25,05:10:00Z,https://en.wikipedia.org/wiki/2018_Australian_Grand_Prix
2,2018,2,bahrain,Bahrain Grand Prix,2018-04-08,15:10:00Z,https://en.wikipedia.org/wiki/2018_Bahrain_Grand_Prix
3,2018,3,shanghai,Chinese Grand Prix,2018-04-15,06:10:00Z,https://en.wikipedia.org/wiki/2018_Chinese_Grand_Prix
4,2018,4,baku,Azerbaijan Grand Prix,2018-04-29,12:10:00Z,https://en.wikipedia.org/wiki/2018_Azerbaijan_Grand_Prix
5,2018,5,catalunya,Spanish Grand Prix,2018-05-13,13:10:00Z,https://en.wikipedia.org/wiki/2018_Spanish_Grand_Prix
6,2018,6,monaco,Monaco Grand Prix,2018-05-27,13:10:00Z,https://en.wikipedia.org/wiki/2018_Monaco_Grand_Prix
7,2018,7,villeneuve,Canadian Grand Prix,2018-06-10,18:10:00Z,https://en.wikipedia.org/wiki/2018_Canadian_Grand_Prix
8,2018,8,ricard,French Grand Prix,2018-06-24,14:10:00Z,https://en.wikipedia.org/wiki/2018_French_Grand_Prix
9,2018,9,red_bull_ring,Austrian Grand Prix,2018-07-01,13:10:00Z,https://en.wikipedia.org/wiki/2018_Austrian_Grand_Prix
10,2018,10,silverstone,British Grand Prix,2018-07-08,13:10:00Z,https://en.wikipedia.org/wiki/2018_British_Grand_Prix
11,2018,11,hockenheimring,German Grand Prix,2018-07-22,13:10:00Z,https://en.wikipedia.org/wiki/2018_German_Grand_Prix
12,2018,12,hungaroring,Hungarian Grand Prix,2018-07-29,13:10:00Z,https://en.wikipedia.org/wiki/2018_Hungarian_Grand_Prix
13,2018,13,spa,Belgian Grand Prix,2018-08-26,13:10:00Z,https://en.wikipedia.org/wiki/2018_Belgian_Grand_Prix
14,2018,14,monza,Italian Grand Prix,2018-09-02,13:10:00Z,https://en.wikipedia.org/wiki/2018_Italian_Grand_Prix
15,2018,15,marina_bay,Singapore Grand Prix,2018-09-16,12:10:00Z,https://en.wikipedia.org/wiki/2018_Singapore_Grand_Prix
16,2018,16,sochi,Russian Grand Prix,2018-09-30,11:10:00Z,https://en.wikipedia.org/wiki/2018_Russian_Grand_Prix
17,2018,17,suzuka,Japanese Grand Prix,2018-10-07,05:10:00Z,https://en.wikipedia.org/wiki/2018_Japanese_Grand_Prix
18,2018,18,americas,United States Grand Prix,2018-10-21,18:10:00Z,https://en.wikipedia.org/wiki/2018_United_States_Grand_Prix
19,2018,19,rodriguez,Mexican Grand Prix,2018-10-28,19:10:00Z,https://en.wikipedia.org/wiki/2018_Mexican_Grand_Prix
20,2018,20,interlagos,Brazilian Grand Prix,2018-11-11,17:10:00Z,https://en.wikipedia.org/wiki/2018_Brazilian_Grand_Prix
21,2018,21,yas_marina,Abu Dhabi Grand Prix,2018-11-25,13:10:00Z,https://en.wikipedia.org/wiki/2018_Abu_Dhabi_Grand_Prix
22,2019,1,albert_park,Australian Grand Prix,2019-03-17,05:10:00Z,https://en.wikipedia.org/wiki/2019_Australian_Grand_Prix
23,2019,2,bahrain,Bahrain Grand Prix,2019-03-31,15:10:00Z,https://en.wikipedia.org/wiki/2019_Bahrain_Grand_Prix
24,2019,3,shanghai,Chinese Grand Prix,2019-04-14,06:10:00Z,https://en.wikipedia.org/wiki/2019_Chinese_Grand_Prix
25,2019,4,baku,Azerbaijan Grand Prix,2019-04-28,12:10:00Z,https://en.wikipedia.org/wiki/2019_Azerbaijan_Grand_Prix
26,2019,5,catalunya,Spanish Grand Prix,2019-05-12,13:10:00Z,https://en.wikipedia.org/wiki/2019_Spanish_Grand_Prix
27,2019,6,monaco,Monaco Grand Prix,2019-05-26,13:10:00Z,https://en.wikipedia.org/wiki/2019_Monaco_Grand_Prix
28,2019,7,villeneuve,Canadian Grand Prix,2019-06-09,18:10:00Z,https://en.wikipedia.org/wiki/2019_Canadian_Grand_Prix
29,2019,8,ricard,French Grand Prix,2019-06-23,13:10:00Z,https://en.wikipedia.org/wiki/2019_French_Grand_Prix
30,2019,9,red_bull_ring,Austrian Grand Prix,2019-06-30,13:10:00Z,https://en.wikipedia.org/wiki/2019_Austrian_Grand_Prix
31,2019,10,silverstone,British Grand Prix,2019-07-14,13:10:00Z,https://en.wikipedia.org/wiki/2019_British_Grand_Prix
32,2019,11,hockenheimring,German Grand Prix,2019-07-28,13:10:00Z,https://en.wikipedia.org/wiki/2019_German_Grand_Prix
33,2019,12,hungaroring,Hungarian Grand Prix,2019-08-04,13:10:00Z,https://en.wikipedia.org/wiki/2019_Hungarian_Grand_Prix
34,2019,13,spa,Belgian Grand Prix,2019-09-01,13:10:00Z,https://en.wikipedia.org/wiki/2019_Belgian_Grand_Prix
35,2019,14,monza,Italian Grand Prix,2019-09-08,13:10:00Z,https://en.wikipedia.org/wiki/2019_Italian_Grand_Prix
36,2019,15,marina_bay,Singapore Grand Prix,2019-09-22,12:10:00Z,https://en.wikipedia.org/wiki/2019_Singapore_Grand_Prix
37,2019,16,sochi,Russian Grand Prix,2019-09-29,11:10:00Z,https://en.wikipedia.org/wiki/2019_Russian_Grand_Prix
38,2019,17,suzuka,Japanese Grand Prix,2019-10-13,05:10:00Z,https://en.wikipedia.org/wiki/2019_Japanese_Grand_Prix
39,2019,18,rodriguez,Mexican Grand Prix,2019-10-27,19:10:00Z,https://en.wikipedia.org/wiki/2019_Mexican_Grand_Prix
40,2019,19,americas,United States Grand Prix,2019-11-03,19:10:00Z,https://en.wikipedia.org/wiki/2019_United_States_Grand_Prix
41,2019,20,interlagos,Brazilian Grand Prix,2019-11-17,17:10:00Z,https://en.wikipedia.org/wiki/2019_Brazilian_Grand_Prix
42,2019,21,yas_marina,Abu Dhabi Grand Prix,2019-12-01,13:10:00Z,https://en.wikipedia.org/wiki/2019_Abu_Dhabi_Grand_Prix
43,2020,1,red_bull_ring,Austrian Grand Prix,2020-07-05,13:10:00Z,https://en.wikipedia.org/wiki/2020_Austrian_Grand_Prix
44,2020,2,red_bull_ring,Styrian Grand Prix,2020-07-12,13:10:00Z,https://en.wikipedia.org/wiki/2020_Styrian_Grand_Prix
45,2020,3,hungaroring,Hungarian Grand Prix,2020-07-19,13:10:00Z,https://en.wikipedia.org/wiki/2020_Hungarian_Grand_Prix
46,2020,4,silverstone,British Grand Prix,2020-08-02,13:10:00Z,https://en.wikipedia.org/wiki/2020_British_Grand_Prix
47,2020,5,silverstone,70th Anniversary Grand Prix,2020-08-09,13:10:00Z,https://en.wikipedia.org/wiki/70th_Anniversary_Grand_Prix
48,2020,6,catalunya,Spanish Grand Prix,2020-08-16,13:10:00Z,https://en.wikipedia.org/wiki/2020_Spanish_Grand_Prix
49,2020,7,spa,Belgian Grand Prix,2020-08-30,13:10:00Z,https://en.wikipedia.org/wiki/2020_Belgian_Grand_Prix
50,2020,8,monza,Italian Grand Prix,2020-09-06,13:10:00Z,https://en.wikipedia.org/wiki/2020_Italian_Grand_Prix
51,2020,9,mugello,Tuscan Grand Prix,2020-09-13,13:10:00Z,https://en.wikipedia.org/wiki/2020_Tuscan_Grand_Prix
52,2020,10,sochi,Russian Grand Prix,2020-09-27,11:10:00Z,https://en.wikipedia.org/wiki/2020_Russian_Grand_Prix
53,2020,11,nurburgring,Eifel Grand Prix,2020-10-11,13:10:00Z,https://en.wikipedia.org/wiki/2020_Eifel_Grand_Prix
54,2020,12,portimao,Portuguese Grand Prix,2020-10-25,12:10:00Z,https://en.wikipedia.org/wiki/2020_Portuguese_Grand_Prix
55,2020,13,imola,Emilia Romagna Grand Prix,2020-11-01,12:10:00Z,https://en.wikipedia.org/wiki/2020_Emilia_Romagna_Grand_Prix
56,2020,14,istanbul,Turkish Grand Prix,2020-11-15,10:10:00Z,https://en.wikipedia.org/wiki/2020_Turkish_Grand_Prix
57,2020,15,bahrain,Bahrain Grand Prix,2020-11-29,14:10:00Z,https://en.wikipedia.org/wiki/2020_Bahrain_Grand_Prix
58,2020,16,bahrain,Sakhir Grand Prix,2020-12-06,17:10:00Z,https://en.wikipedia.org/wiki/2020_Sakhir_Grand_Prix
59,2020,17,yas_marina,Abu Dhabi Grand Prix,2020-12-13,13:10:00Z,https://en.wikipedia.org/wiki/2020_Abu_Dhabi_Grand_Prix
60,2021,1,bahrain,Bahrain Grand Prix,2021-03-28,15:00:00Z,https://en.wikipedia.org/wiki/2021_Bahrain_Grand_Prix
61,2021,2,imola,Emilia Romagna Grand Prix,2021-04-18,13:00:00Z,https://en.wikipedia.org/wiki/2021_Emilia_Romagna_Grand_Prix
62,2021,3,portimao,Portuguese Grand Prix,2021-05-02,14:00:00Z,https://en.wikipedia.org/wiki/2021_Portuguese_Grand_Prix
63,2021,4,catalunya,Spanish Grand Prix,2021-05-09,13:00:00Z,https://en.wikipedia.org/wiki/2021_Spanish_Grand_Prix
64,2021,5,monaco,Monaco Grand Prix,2021-05-23,13:00:00Z,https://en.wikipedia.org/wiki/2021_Monaco_Grand_Prix
65,2021,6,baku,Azerbaijan Grand Prix,2021-06-06,12:00:00Z,https://en.wikipedia.org/wiki/2021_Azerbaijan_Grand_Prix
66,2021,7,ricard,French Grand Prix,2021-06-20,13:00:00Z,https://en.wikipedia.org/wiki/2021_French_Grand_Prix
67,2021,8,red_bull_ring,Styrian Grand Prix,2021-06-27,13:00:00Z,https://en.wikipedia.org/wiki/2021_Styrian_Grand_Prix
68,2021,9,red_bull_ring,Austrian Grand Prix,2021-07-04,13:00:00Z,https://en.wikipedia.org/wiki/2021_Austrian_Grand_Prix
69,2021,10,silverstone,British Grand Prix,2021-07-18,14:00:00Z,https://en.wikipedia.org/wiki/2021_British_Grand_Prix
70,2021,11,hungaroring,Hungarian Grand Prix,2021-08-01,13:00:00Z,https://en.wikipedia.org/wiki/2021_Hungarian_Grand_Prix
71,2021,12,spa,Belgian Grand Prix,2021-08-29,13:00:00Z,https://en.wikipedia.org/wiki/2021_Belgian_Grand_Prix
72,2021,13,zandvoort,Dutch Grand Prix,2021-09-05,13:00:00Z,https://en.wikipedia.org/wiki/2021_Dutch_Grand_Prix
73,2021,14,monza,Italian Grand Prix,2021-09-12,13:00:00Z,https://en.wikipedia.org/wiki/2021_Italian_Grand_Prix
74,2021,15,sochi,Russian Grand Prix,2021-09-26,12:00:00Z,https://en.wikipedia.org/wiki/2021_Russian_Grand_Prix
75,2021,16,istanbul,Turkish Grand Prix,2021-10-10,12:00:00Z,https://en.wikipedia.org/wiki/2021_Turkish_Grand_Prix
76,2021,17,americas,United States Grand Prix,2021-10-24,19:00:00Z,https://en.wikipedia.org/wiki/2021_United_States_Grand_Prix
77,2021,18,rodriguez,Mexico City Grand Prix,2021-11-07,19:00:00Z,https://en.wikipedia.org/wiki/2021_Mexico_City_Grand_Prix
78,2021,19,interlagos,São Paulo Grand Prix,2021-11-14,17:00:00Z,https://en.wikipedia.org/wiki/2021_S%C3%A3o_Paulo_Grand_Prix
79,2021,20,losail,Qatar Grand Prix,2021-11-21,14:00:00Z,https://en.wikipedia.org/wiki/2021_Qatar_Grand_Prix
80,2021,21,jeddah,Saudi Arabian Grand Prix,2021-12-05,17:30:00Z,https://en.wikipedia.org/wiki/2021_Saudi_Arabian_Grand_Prix
81,2021,22,yas_marina,Abu Dhabi Grand Prix,2021-12-12,13:00:00Z,https://en.wikipedia.org/wiki/2021_Abu_Dhabi_Grand_Prix
82,2022,1,bahrain,Bahrain Grand Prix,2022-03-20,15:00:00Z,https://en.wikipedia.org/wiki/2022_Bahrain_Grand_Prix
83,2022,2,jeddah,Saudi Arabian Grand Prix,2022-03-27,17:00:00Z,https://en.wikipedia.org/wiki/2022_Saudi_Arabian_Grand_Prix
84,2022,3,albert_park,Australian Grand Prix,2022-04-10,05:00:00Z,https://en.wikipedia.org/wiki/2022_Australian_Grand_Prix
85,2022,4,imola,Emilia Romagna Grand Prix,2022-04-24,13:00:00Z,https://en.wikipedia.org/wiki/2022_Emilia_Romagna_Grand_Prix
86,2022,5,miami,Miami Grand Prix,2022-05-08,19:30:00Z,https://en.wikipedia.org/wiki/2022_Miami_Grand_Prix
87,2022,6,catalunya,Spanish Grand Prix,2022-05-22,13:00:00Z,https://en.wikipedia.org/wiki/2022_Spanish_Grand_Prix
88,2022,7,monaco,Monaco Grand Prix,2022-05-29,13:00:00Z,https://en.wikipedia.org/wiki/2022_Monaco_Grand_Prix
89,2022,8,baku,Azerbaijan Grand Prix,2022-06-12,11:00:00Z,https://en.wikipedia.org/wiki/2022_Azerbaijan_Grand_Prix
90,2022,9,villeneuve,Canadian Grand Prix,2022-06-19,18:00:00Z,https://en.wikipedia.org/wiki/2022_Canadian_Grand_Prix
91,2022,10,silverstone,British Grand Prix,2022-07-03,14:00:00Z,https://en.wikipedia.org/wiki/2022_British_Grand_Prix
92,2022,11,red_bull_ring,Austrian Grand Prix,2022-07-10,13:00:00Z,https://en.wikipedia.org/wiki/2022_Austrian_Grand_Prix
93,2022,12,ricard,French Grand Prix,2022-07-24,13:00:00Z,https://en.wikipedia.org/wiki/2022_French_Grand_Prix
94,2022,13,hungaroring,Hungarian Grand Prix,2022-07-31,13:00:00Z,https://en.wikipedia.org/wiki/2022_Hungarian_Grand_Prix
95,2022,14,spa,Belgian Grand Prix,2022-08-28,13:00:00Z,https://en.wikipedia.org/wiki/2022_Belgian_Grand_Prix
96,2022,15,zandvoort,Dutch Grand Prix,2022-09-04,13:00:00Z,https://en.wikipedia.org/wiki/2022_Dutch_Grand_Prix
97,2022,16,monza,Italian Grand Prix,2022-09-11,13:00:00Z,https://en.wikipedia.org/wiki/2022_Italian_Grand_Prix
98,2022,17,marina_bay,Singapore Grand Prix,2022-10-02,12:00:00Z,https://en.wikipedia.org/wiki/2022_Singapore_Grand_Prix
99,2022,18,suzuka,Japanese Grand Prix,2022-10-09,05:00:00Z,https://en.wikipedia.org/wiki/2022_Japanese_Grand_Prix
100,2022,19,americas,United States Grand Prix,2022-10-23,19:00:00Z,https://en.wikipedia.org/wiki/2022_United_States_Grand_Prix
101,2022,20,rodriguez,Mexico City Grand Prix,2022-10-30,20:00:00Z,https://en.wikipedia.org/wiki/2022_Mexico_City_Grand_Prix
102,2022,21,interlagos,São Paulo Grand Prix,2022-11-13,18:00:00Z,https://en.wikipedia.org/wiki/2022_São_Paulo_Grand_Prix
103,2022,22,yas_marina,Abu Dhabi Grand Prix,2022-11-20,13:00:00Z,https://en.wikipedia.org/wiki/2022_Abu_Dhabi_Grand_Prix
104,2023,1,bahrain,Bahrain Grand Prix,2023-03-05,15:00:00Z,https://en.wikipedia.org/wiki/2023_Bahrain_Grand_Prix
105,2023,2,jeddah,Saudi Arabian Grand Prix,2023-03-19,17:00:00Z,https://en.wikipedia.org/wiki/2023_Saudi_Arabian_Grand_Prix
106,2023,3,albert_park,Australian Grand Prix,2023-04-02,05:00:00Z,https://en.wikipedia.org/wiki/2023_Australian_Grand_Prix
107,2023,4,baku,Azerbaijan Grand Prix,2023-04-30,11:00:00Z,https://en.wikipedia.org/wiki/2023_Azerbaijan_Grand_Prix
108,2023,5,miami,Miami Grand Prix,2023-05-07,19:30:00Z,https://en.wikipedia.org/wiki/2023_Miami_Grand_Prix
109,2023,6,monaco,Monaco Grand Prix,2023-05-28,13:00:00Z,https://en.wikipedia.org/wiki/2023_Monaco_Grand_Prix
110,2023,7,catalunya,Spanish Grand Prix,2023-06-04,13:00:00Z,https://en.wikipedia.org/wiki/2023_Spanish_Grand_Prix
111,2023,8,villeneuve,Canadian Grand Prix,2023-06-18,18:00:00Z,https://en.wikipedia.org/wiki/2023_Canadian_Grand_Prix
112,2023,9,red_bull_ring,Austrian Grand Prix,2023-07-02,13:00:00Z,https://en.wikipedia.org/wiki/2023_Austrian_Grand_Prix
113,2023,10,silverstone,British Grand Prix,2023-07-09,14:00:00Z,https://en.wikipedia.org/wiki/2023_British_Grand_Prix
114,2023,11,hungaroring,Hungarian Grand Prix,2023-07-23,13:00:00Z,https://en.wikipedia.org/wiki/2023_Hungarian_Grand_Prix
115,2023,12,spa,Belgian Grand Prix,2023-07-30,13:00:00Z,https://en.wikipedia.org/wiki/2023_Belgian_Grand_Prix
116,2023,13,zandvoort,Dutch Grand Prix,2023-08-27,13:00:00Z,https://en.wikipedia.org/wiki/2023_Dutch_Grand_Prix
117,2023,14,monza,Italian Grand Prix,2023-09-03,13:00:00Z,https://en.wikipedia.org/wiki/2023_Italian_Grand_Prix
118,2023,15,marina_bay,Singapore Grand Prix,2023-09-17,12:00:00Z,https://en.wikipedia.org/wiki/2023_Singapore_Grand_Prix
119,2023,16,suzuka,Japanese Grand Prix,2023-09-24,05:00:00Z,https://en.wikipedia.org/wiki/2023_Japanese_Grand_Prix
120,2023,17,losail,Qatar Grand Prix,2023-10-08,17:00:00Z,https://en.wikipedia.org/wiki/2023_Qatar_Grand_Prix
121,2023,18,americas,United States Grand Prix,2023-10-22,19:00:00Z,https://en.wikipedia.org/wiki/2023_United_States_Grand_Prix
122,2023,19,rodriguez,Mexico City Grand Prix,2023-10-29,20:00:00Z,https://en.wikipedia.org/wiki/2023_Mexico_City_Grand_Prix
123,2023,20,interlagos,São Paulo Grand Prix,2023-11-05,17:00:00Z,https://en.wikipedia.org/wiki/2023_S%C3%A3o_Paulo_Grand_Prix
124,2023,21,vegas,Las Vegas Grand Prix,2023-11-19,06:00:00Z,https://en.wikipedia.org/wiki/2023_Las_Vegas_Grand_Prix
125,2023,22,yas_marina,Abu Dhabi Grand Prix,2023-11-26,13:00:00Z,https://en.wikipedia.org/wiki/2023_Abu_Dhabi_Grand_Prix
